date,vendor,invoice_number,amount,currency,direction,gmail_message_id,notes
2026-01-04,א.מ.י טכנולוגיות רפואיות,SI26000302,4661.00,ILS,expense,19db92ef40740796,Sculptra + Restylane Skinboosters
2026-01-12,א.מ.י טכנולוגיות רפואיות,SI26001304,696.00,ILS,expense,19db92ef40740796,מחטים TSK 32G
2026-02-03,א.מ.י טכנולוגיות רפואיות,SI26004466,2950.00,ILS,expense,19db92ef40740796,RevyPeel + Cellbooster Glow
2026-02-04,א.מ.י טכנולוגיות רפואיות,SI26004687,277.00,ILS,expense,19db92ef40740796,מחטים TSK
2026-02-04,א.מ.י טכנולוגיות רפואיות,SI26004692,3103.00,ILS,expense,19db92ef40740796,פילרים Restylane + Cellbooster
2026-02-04,א.מ.י טכנולוגיות רפואיות,SI26004694,2738.00,ILS,expense,19db92ef40740796,פילרים Restylane + Cellbooster
2026-02-04,א.מ.י טכנולוגיות רפואיות,SI26004699,13118.00,ILS,expense,19db92ef40740796,קרטרידג'ים Ultraformer
2026-02-08,א.מ.י טכנולוגיות רפואיות,SI26005023,2201.00,ILS,expense,19db92ef40740796,מחטים + קנולות JBP
2026-02-19,א.מ.י טכנולוגיות רפואיות,SI26006841,4720.00,ILS,expense,19db92ef40740796,Newest 10+10
2026-02-24,א.מ.י טכנולוגיות רפואיות,SI26007512,944.00,ILS,expense,19db92ef40740796,Plinest Eye x2
2026-02-24,א.מ.י טכנולוגיות רפואיות,SI26007522,1888.00,ILS,expense,19db92ef40740796,Sculptra 1+1
2026-02-25,קרנפון מדיה,50803,2950.00,ILS,expense,19dca3fef84502ab,ניהול חודשי - סוכנות דיגיטל
2026-02-26,א.מ.י טכנולוגיות רפואיות,SI26007877,1888.00,ILS,expense,19db92ef40740796,Sculptra 1+1
2026-03-08,א.מ.י טכנולוגיות רפואיות,SI26008667,1092.00,ILS,expense,19db92ef40740796,קנולות JBP
2026-03-18,א.מ.י טכנולוגיות רפואיות,SI26010026,5475.00,ILS,expense,19db92ef40740796,Sculptra x2 + RevyPeel
2026-03-26,קרנפון מדיה,50812,2950.00,ILS,expense,19da51d9eaec817e,ניהול חודשי (בוטל בזיכוי 70134)
2026-04-11,Meta Ads (382848224834261),26753868630969728-26434237916266131,72.00,ILS,expense,19d7c25c4d004bec,פרסום - Advenced esthetic
2026-04-13,Meta Ads (382848224834261),26559106640445921-26714214241601827,66.00,ILS,expense,19d846247b9daa45,פרסום - Advenced esthetic
2026-04-15,"נת""מ ניהול צרפתי ספייס",6/2836,2929.00,ILS,expense,19db57eae7f07d3c,דמי אחזקה 04/26
2026-04-17,AdEspresso,2026-1693,49.00,USD,expense,19d9c34f8f411c10,מנוי Starter 17/4-16/5
2026-04-19,א.מ.י טכנולוגיות רפואיות,SI26012919,873.00,ILS,expense,19db92ef40740796,קנולות JBP
2026-04-20,א.מ.י טכנולוגיות רפואיות,SI26013341,11552.00,ILS,expense,19db92ef40740796,Sculptra x5 + Plinest Eye
2026-04-27,קרנפון מדיה,80969,2950.00,ILS,expense,19dce51874b16557,קבלה - תשלום באשראי
2026-04-29,קרנפון מדיה,70134,-2950.00,ILS,expense,19dd7c71f8bcec11,זיכוי מבטל חשבונית 50812
2026-04-29,קרנפון מדיה,63330,1475.00,ILS,expense,19dd7c63632761bc,ניהול חצי חודש
2026-05-07,Meta Ads (601049505664355),26824808960539292-26884582841228572,246.03,ILS,expense,19e00749d088089c,פרסום 5-6.5 קמפיין איילה לידים
2026-05-15,Meta Ads (382848224834261),26962869060069675-27054348037588449,135.15,ILS,expense,19e2aa0017bfc8e4,פרסום - קמפיין STRA הסמכה לבוגרי רפואה
2026-05-17,AdEspresso,2026-2108,49.00,USD,expense,19e3645e7c3c6c63,מנוי Starter 17/5-16/6
2026-05-17,"נת""מ ניהול צרפתי ספייס",6/2983,2929.00,ILS,expense,19e457ac4211125a,"דמי אחזקה 05/26 - יגאל אלון 53 ת""א"
2026-05-21,Meta Ads (601049505664355),27037367769283413-27198049099881946,2629.00,ILS,expense,19e4c4537b28e846,פרסום 14-21.5
2026-05-27,Meta Ads (601049505664355),27291002590586600-27228095853543939,2633.00,ILS,expense,19e6855cc37d51a9,פרסום עד 27.5
2026-05-27,איילה קאופמן (ayaladigital),20023,3304.00,ILS,expense,19e68456b25b5284,קבלה - שיווק דיגיטלי פייסבוק מאי (חשבונית 10026)
2026-06-04,א.מ.י טכנולוגיות רפואיות,SI26019672,614.00,ILS,expense,19ea0d8a97b93fd9,חשבונית מרכזת - מופיע גם בדוח המייל האישי
2026-06-04,א.מ.י טכנולוגיות רפואיות,SI26019671,5039.00,ILS,expense,19ea0d8a97b93fd9,חשבונית מרכזת - מופיע גם בדוח המייל האישי
2026-06-04,א.מ.י טכנולוגיות רפואיות,SI26019663,10148.00,ILS,expense,19ea0d8a97b93fd9,חשבונית מרכזת - מופיע גם בדוח המייל האישי
2026-06-04,א.מ.י טכנולוגיות רפואיות,SI26019650,472.00,ILS,expense,19ea0d8a97b93fd9,חשבונית מרכזת - מופיע גם בדוח המייל האישי
2026-06-04,א.מ.י טכנולוגיות רפואיות,SI26019641,2867.00,ILS,expense,19ea0d8a97b93fd9,חשבונית מרכזת - מופיע גם בדוח המייל האישי
2026-06-07,Meta Ads (601049505664355),27292304737123046-27306268615726657,2095.01,ILS,expense,19ea03d2616d5b81,פרסום 31.5-6.6
2026-06-08,א.מ.י טכנולוגיות רפואיות,SI26020048,7080.00,ILS,expense,19ea70c286eff176,מזרקי Sculptra - מופיע גם בדוח המייל האישי
2026-06-13,Meta Ads (601049505664355),27475702388783283-27442231395463710,2677.00,ILS,expense,19ec2a8a173d8163,פרסום 7-13.6
2026-06-14,"נת""מ ניהול צרפתי ספייס",6/3065,2929.00,ILS,expense,19eff16029224d46,דמי אחזקה 06/26
2026-06-16,Meta Ads (601049505664355),27425698177117033-27505252845828237,2.18,ILS,expense,19ece74ead7dec5e,קרדיט פרסום 15.6
2026-06-17,Meta Ads (בית ספר לרפואה אסתטית),27518269867859868-27393420967011423,0.91,ILS,expense,19ed39435e3aa27f,קרדיט פרסום
2026-06-18,Meta Ads (601049505664355),27459771810376342-27507624268924422,2677.00,ILS,expense,19edbc7f97f1d5a9,פרסום מטא
2026-06-21,איילה קאופמן (ayaladigital),30191,3304.00,ILS,expense,19eeaab6cc89f570,חשבונית מס קבלה - שיווק דיגיטלי פייסבוק יוני
2026-06-23,Meta Ads (601049505664355),27520586224294900-27667611399592382,2677.00,ILS,expense,19ef481a8c215471,פרסום מטא
2026-06-28,Meta Ads (601049505664355),27663629833323869-27582126164807572,2701.00,ILS,expense,19f0ea239754444b,פרסום מטא
2026-07-04,Meta Ads (601049505664355),27734587612894758-27653342987685889,2722.00,ILS,expense,19f2c595f672aed1,פרסום מטא
2026-07-06,Meta Ads (601049505664355),27613096808377166-27753735207646665,632.27,ILS,expense,19f347854f58a64c,פרסום מטא - תשלום ידני
2026-07-07,Meta Ads (בית ספר לרפואה אסתטית),27686726261014228-27686726341014220,295.76,ILS,expense,19f3a99721a559c5,פרסום
